Workbook

Sheet Matches
A1: VALORANT Personal Coach | Competitive Match History
A2: VISION | May–October 2026
A4: Match ID | B4: Date | C4: Map | D4: Placement | E4: Agent | F4: Team Score | G4: Opponent Score | H4: Result | I4: Win Flag | J4: Score Margin | K4: Rounds Played | L4: Kills | M4: Deaths | N4: Assists | O4: K/D | P4: Kills/Round | Q4: Deaths/Round | R4: Assists/Round | S4: DDΔ (Per Round) | T4: HS% | U4: ACS | V4: TRS
A5: 1 | B5: 46304 | C5: Lotus | D5: 7th | E5: Cypher | F5: 10 | G5: 13 | H5: =IF(F5>G5,"Win",IF(F5<G5,"Loss","Draw")) -> Loss | I5: =IF(H5="Win",1,0) -> 0 | J5: =F5-G5 -> -3 | K5: =F5+G5 -> 23 | L5: 13 | M5: 16 | N5: 4 | O5: =IFERROR(L5/M5,0) -> 0.8125 | P5: =IFERROR(L5/K5,0) -> 0.56521739 | Q5: =IFERROR(M5/K5,0) -> 0.69565217 | R5: =IFERROR(N5/K5,0) -> 0.17391304 | S5: -17 | T5: 0.06 | U5: 171 | V5: 499
A6: 2 | B6: 46304 | C6: Sunset | D6: 5th | E6: Brimstone | F6: 13 | G6: 7 | H6: =IF(F6>G6,"Win",IF(F6<G6,"Loss","Draw")) -> Win | I6: =IF(H6="Win",1,0) -> 1 | J6: =F6-G6 -> 6 | K6: =F6+G6 -> 20 | L6: 15 | M6: 17 | N6: 7 | O6: =IFERROR(L6/M6,0) -> 0.88235294 | P6: =IFERROR(L6/K6,0) -> 0.75 | Q6: =IFERROR(M6/K6,0) -> 0.85 | R6: =IFERROR(N6/K6,0) -> 0.35 | S6: -21 | T6: 0.07 | U6: 221 | V6: 618
A7: 3 | B7: 46304 | C7: Ascent | D7: 8th | E7: Cypher | F7: 16 | G7: 14 | H7: =IF(F7>G7,"Win",IF(F7<G7,"Loss","Draw")) -> Win | I7: =IF(H7="Win",1,0) -> 1 | J7: =F7-G7 -> 2 | K7: =F7+G7 -> 30 | L7: 20 | M7: 22 | N7: 8 | O7: =IFERROR(L7/M7,0) -> 0.90909091 | P7: =IFERROR(L7/K7,0) -> 0.66666667 | Q7: =IFERROR(M7/K7,0) -> 0.73333333 | R7: =IFERROR(N7/K7,0) -> 0.26666667 | S7: 6 | T7: 0.07 | U7: 203 | V7: 629
A8: 4 | B8: 46304 | C8: Ascent | D8: 10th | E8: Brimstone | F8: 5 | G8: 13 | H8: =IF(F8>G8,"Win",IF(F8<G8,"Loss","Draw")) -> Loss | I8: =IF(H8="Win",1,0) -> 0 | J8: =F8-G8 -> -8 | K8: =F8+G8 -> 18 | L8: 3 | M8: 17 | N8: 3 | O8: =IFERROR(L8/M8,0) -> 0.17647059 | P8: =IFERROR(L8/K8,0) -> 0.16666667 | Q8: =IFERROR(M8/K8,0) -> 0.94444444 | R8: =IFERROR(N8/K8,0) -> 0.16666667 | S8: -106 | T8: 0.1 | U8: 68 | V8: 100
A9: 5 | B9: 46303 | C9: Sunset | D9: 8th | E9: Brimstone | F9: 13 | G9: 11 | H9: =IF(F9>G9,"Win",IF(F9<G9,"Loss","Draw")) -> Win | I9: =IF(H9="Win",1,0) -> 1 | J9: =F9-G9 -> 2 | K9: =F9+G9 -> 24 | L9: 10 | M9: 20 | N9: 12 | O9: =IFERROR(L9/M9,0) -> 0.5 | P9: =IFERROR(L9/K9,0) -> 0.41666667 | Q9: =IFERROR(M9/K9,0) -> 0.83333333 | R9: =IFERROR(N9/K9,0) -> 0.5 | S9: -53 | T9: 0.16 | U9: 132 | V9: 461
A10: 6 | B10: 46303 | C10: Lotus | D10: 9th | E10: Omen | F10: 13 | G10: 5 | H10: =IF(F10>G10,"Win",IF(F10<G10,"Loss","Draw")) -> Win | I10: =IF(H10="Win",1,0) -> 1 | J10: =F10-G10 -> 8 | K10: =F10+G10 -> 18 | L10: 7 | M10: 12 | N10: 2 | O10: =IFERROR(L10/M10,0) -> 0.58333333 | P10: =IFERROR(L10/K10,0) -> 0.38888889 | Q10: =IFERROR(M10/K10,0) -> 0.66666667 | R10: =IFERROR(N10/K10,0) -> 0.11111111 | S10: -39 | T10: 0.15 | U10: 105 | V10: 337
A11: 7 | B11: 46303 | C11: Split | D11: 9th | E11: Cypher | F11: 9 | G11: 13 | H11: =IF(F11>G11,"Win",IF(F11<G11,"Loss","Draw")) -> Loss | I11: =IF(H11="Win",1,0) -> 0 | J11: =F11-G11 -> -4 | K11: =F11+G11 -> 22 | L11: 8 | M11: 18 | N11: 6 | O11: =IFERROR(L11/M11,0) -> 0.44444444 | P11: =IFERROR(L11/K11,0) -> 0.36363636 | Q11: =IFERROR(M11/K11,0) -> 0.81818182 | R11: =IFERROR(N11/K11,0) -> 0.27272727 | S11: -43 | T11: 0.12 | U11: 132 | V11: 176
A12: 8 | B12: 46303 | C12: Abyss | D12: 6th | E12: Cypher | F12: 11 | G12: 13 | H12: =IF(F12>G12,"Win",IF(F12<G12,"Loss","Draw")) -> Loss | I12: =IF(H12="Win",1,0) -> 0 | J12: =F12-G12 -> -2 | K12: =F12+G12 -> 24 | L12: 19 | M12: 18 | N12: 5 | O12: =IFERROR(L12/M12,0) -> 1.0555556 | P12: =IFERROR(L12/K12,0) -> 0.79166667 | Q12: =IFERROR(M12/K12,0) -> 0.75 | R12: =IFERROR(N12/K12,0) -> 0.20833333 | S12: 57 | T12: 0.14 | U12: 242 | V12: 677
A13: 9 | B13: 46303 | C13: Lotus | D13: 6th | E13: Cypher | F13: 13 | G13: 10 | H13: =IF(F13>G13,"Win",IF(F13<G13,"Loss","Draw")) -> Win | I13: =IF(H13="Win",1,0) -> 1 | J13: =F13-G13 -> 3 | K13: =F13+G13 -> 23 | L13: 19 | M13: 15 | N13: 7 | O13: =IFERROR(L13/M13,0) -> 1.2666667 | P13: =IFERROR(L13/K13,0) -> 0.82608696 | Q13: =IFERROR(M13/K13,0) -> 0.65217391 | R13: =IFERROR(N13/K13,0) -> 0.30434783 | S13: 26 | T13: 0.1 | U13: 234 | V13: 810
A14: 10 | B14: 46303 | C14: Split | D14: 7th | E14: Cypher | F14: 13 | G14: 6 | H14: =IF(F14>G14,"Win",IF(F14<G14,"Loss","Draw")) -> Win | I14: =IF(H14="Win",1,0) -> 1 | J14: =F14-G14 -> 7 | K14: =F14+G14 -> 19 | L14: 15 | M14: 14 | N14: 4 | O14: =IFERROR(L14/M14,0) -> 1.0714286 | P14: =IFERROR(L14/K14,0) -> 0.78947368 | Q14: =IFERROR(M14/K14,0) -> 0.73684211 | R14: =IFERROR(N14/K14,0) -> 0.21052632 | S14: 2 | T14: 0.12 | U14: 212 | V14: 753
A15: 11 | B15: 46303 | C15: Ascent | D15: 5th | E15: Cypher | F15: 11 | G15: 13 | H15: =IF(F15>G15,"Win",IF(F15<G15,"Loss","Draw")) -> Loss | I15: =IF(H15="Win",1,0) -> 0 | J15: =F15-G15 -> -2 | K15: =F15+G15 -> 24 | L15: 19 | M15: 20 | N15: 8 | O15: =IFERROR(L15/M15,0) -> 0.95 | P15: =IFERROR(L15/K15,0) -> 0.79166667 | Q15: =IFERROR(M15/K15,0) -> 0.83333333 | R15: =IFERROR(N15/K15,0) -> 0.33333333 | S15: -3 | T15: 0.07 | U15: 245 | V15: 704
A16: 12 | B16: 46303 | C16: Abyss | D16: 4th | E16: Sage | F16: 13 | G16: 15 | H16: =IF(F16>G16,"Win",IF(F16<G16,"Loss","Draw")) -> Loss | I16: =IF(H16="Win",1,0) -> 0 | J16: =F16-G16 -> -2 | K16: =F16+G16 -> 28 | L16: 19 | M16: 19 | N16: 10 | O16: =IFERROR(L16/M16,0) -> 1 | P16: =IFERROR(L16/K16,0) -> 0.67857143 | Q16: =IFERROR(M16/K16,0) -> 0.67857143 | R16: =IFERROR(N16/K16,0) -> 0.35714286 | S16: 21 | T16: 0.17 | U16: 206 | V16: 525
... A719: 715 | B719: 46162 | C719: Fracture | D719: 3rd | E719: Cypher | F719: 4 | G719: 13 | H719: =IF(F719>G719,"Win",IF(F719<G719,"Loss","Draw")) -> Loss | I719: =IF(H719="Win",1,0) -> 0 | J719: =F719-G719 -> -9 | K719: =F719+G719 -> 17 | L719: 14 | M719: 16 | N719: 5 | O719: =IFERROR(L719/M719,0) -> 0.875 | P719: =IFERROR(L719/K719,0) -> 0.82352941 | Q719: =IFERROR(M719/K719,0) -> 0.94117647 | R719: =IFERROR(N719/K719,0) -> 0.29411765 | S719: -8 | T719: 0.07 | U719: 244 | V719: 415

Sheet Summary
A1: Metric | B1: Value
A2: Matches | B2: 715
A3: Wins | B3: =COUNTIF(Matches!H5:H719,"Win") -> 335
A4: Losses | B4: =COUNTIF(Matches!H5:H719,"Loss") -> 371
A5: Win Rate | B5: =IFERROR(B3/B2,0) -> 0.46853147
A6: Total Kills | B6: =SUM(Matches!L5:L719) -> 9395
A7: Total Deaths | B7: =SUM(Matches!M5:M719) -> 11046
A8: Average ACS | B8: =AVERAGE(Matches!U5:U719) -> 187.10629
A9: Average TRS | B9: =AVERAGE(Matches!V5:V719) -> 470.9986

Sheet Audit
A1: Match ID | B1: Source Excel Row | C1: Raw KDA | D1: Original K/D | E1: Time Label
A2: 1 | B2: 14 | C2: 13164 | D2: 0.8 | E2: 8h agoCompetitive
A3: 2 | B3: 30 | C3: 15177 | D3: 0.9 | E3: 8h agoCompetitive
A4: 3 | B4: 46 | C4: 20228 | D4: 0.9 | E4: 10h agoCompetitive
A5: 4 | B5: 62 | C5: 3173 | D5: 0.2 | E5: 10h agoCompetitive
A6: 5 | B6: 91 | C6: 102012 | D6: 0.5 | E6: 11h agoCompetitive
A7: 6 | B7: 107 | C7: 7122 | D7: 0.6 | E7: 12h agoCompetitive
A8: 7 | B8: 123 | C8: 8186 | D8: 0.4 | E8: 12h agoCompetitive
A9: 8 | B9: 139 | C9: 19185 | D9: 1.1 | E9: 13h agoCompetitive
A10: 9 | B10: 155 | C10: 19157 | D10: 1.3 | E10: 15h agoCompetitive
A11: 10 | B11: 171 | C11: 15144 | D11: 1.1 | E11: 15h agoCompetitive
A12: 11 | B12: 187 | C12: 19208 | D12: 0.9 | E12: 16h agoCompetitive
A13: 12 | B13: 203 | C13: 191910 | D13: 1 | E13: 17h agoCompetitive
... A716: 715 | B716: 13190 | C716: 14165 | D716: 0.9 | E716: 4mo agoCompetitive

Sheet Agent Audit
A1: Match ID | B1: Agent | C1: Source | D1: Matching rule
A2: 1 | B2: Cypher | C2: visiondataset.xlsx embedded portrait | D2: Map, placement and both scores matched in sequence
A3: 2 | B3: Brimstone | C3: visiondataset.xlsx embedded portrait | D3: Map, placement and both scores matched in sequence
A4: 3 | B4: Cypher | C4: visiondataset.xlsx embedded portrait | D4: Map, placement and both scores matched in sequence
A5: 4 | B5: Brimstone | C5: visiondataset.xlsx embedded portrait | D5: Map, placement and both scores matched in sequence
A6: 5 | B6: Brimstone | C6: visiondataset.xlsx embedded portrait | D6: Map, placement and both scores matched in sequence
A7: 6 | B7: Omen | C7: visiondataset.xlsx embedded portrait | D7: Map, placement and both scores matched in sequence
A8: 7 | B8: Cypher | C8: visiondataset.xlsx embedded portrait | D8: Map, placement and both scores matched in sequence
A9: 8 | B9: Cypher | C9: visiondataset.xlsx embedded portrait | D9: Map, placement and both scores matched in sequence
A10: 9 | B10: Cypher | C10: visiondataset.xlsx embedded portrait | D10: Map, placement and both scores matched in sequence
A11: 10 | B11: Cypher | C11: visiondataset.xlsx embedded portrait | D11: Map, placement and both scores matched in sequence
A12: 11 | B12: Cypher | C12: visiondataset.xlsx embedded portrait | D12: Map, placement and both scores matched in sequence
A13: 12 | B13: Sage | C13: visiondataset.xlsx embedded portrait | D13: Map, placement and both scores matched in sequence
... A716: 715 | B716: Cypher | C716: visiondataset.xlsx embedded portrait | D716: Map, placement and both scores matched in sequence
